Scene ID,Slug,Seconds,Locked local,Reference asset,Voiceover,Labels,Source keys,Context prompt
1,cold_open_second_question,20,yes,,The second question in technology is the one we ask after the wreckage: why did it fail? Challenger. Chernobyl. Fukushima.,WHY DID IT FAIL?,"challenger, chernobyl, fukushima","LOCKED LOCAL RENDER, NOT SORA BY DEFAULT. Black screen. Centered phrase WHY DID IT FAIL appears, then cut into abstract technical mechanism visuals: pressure-seal cross-section, feedback-loop diagram, flooded backup-power schematic. Mechanism visuals only, no disaster spectacle."
2,catastrophic_mechanisms_one,20,no,,"At Challenger, pressure escaped where the vehicle could not stay whole. At Chernobyl, cooling conditions fed back into reactor power. At Fukushima, shutdown worked, but power for cooling was trapped behind one flooded assumption.","PRESSURE SEAL FAILURE -> HOT GAS LEAK -> NO ALTERNATE VEHICLE INTEGRITY
ONE FEEDBACK LOOP
COOLING CONDITION COUPLED TO REACTOR POWER
ONE FLOOD
PRIMARY AND BACKUP POWER EXPOSED TO SAME HAZARD","challenger, chernobyl, fukushima","Clean animated technical diagrams. First, right solid rocket motor aft field joint pressure-seal cross-section: pressure boundary, hot gas leak, vehicle integrity path breaks. Second, reactor feedback loop: steam bubbles increase reactivity, heat increases steam. Third, coastal nuclear power chain: earthquake shutdown, grid power lost, diesel generators, tsunami water flooding backup systems, batteries and cooling fading."
3,catastrophic_mechanisms_two,20,no,,"On the MAX, one angle-of-attack vane could feed repeated automated trim. On Deepwater Horizon, the last barrier could not seal. In the blackout, one disturbance became a regionwide cascade.","ONE SENSOR
SINGLE SENSOR -> AUTOMATED AUTHORITY -> REPEATED COMMAND
ONE FINAL BARRIER
LAST BARRIER FAILED -> NO FAST CONTAINMENT PATH
ONE GRID CASCADE
DISTURBANCE NOT CONTAINED -> CASCADE","737max, deepwater, blackout2003","Editorial technical animations. A single angle-of-attack vane sends data into an automated flight-control box; repeated nose-down trim arrows. Deepwater oil well cutaway: wellbore, blowout preventer, blind shear ram, buckled off-center pipe, and failure to seal. Grid map: one line trip shifts load to neighboring lines; more lines trip; map dims in cascade."
4,catastrophic_mechanisms_three,20,no,,Tacoma Narrows turned wind energy into self-excited deck motion. Hyatt Regency moved twice the load into a connection with no reserve. Boston stored a moving wall of molasses inside one failed vessel.,"WIND ENERGY COUPLED INTO FLEXIBLE DECK MOTION
ONE CONNECTION
CONNECTION OVERLOAD -> NO RESERVE CAPACITY -> PROGRESSIVE COLLAPSE
STORED HAZARD + FAILED VESSEL + NO CONTAINMENT","tacoma, hyatt, molasses",Three restrained mechanism animations. Tacoma Narrows bridge as simplified flexible narrow deck cross-section: wind flow couples into twisting deck motion; do not show spectacular collapse. Hyatt Regency hanger rods: original continuous rod beside constructed interrupted rods; animate doubled load at fourth-floor box-beam connection. Molasses tank in dense city blocks: single storage vessel fails; streets show absence of secondary containment.
5,agency_and_alternatives,20,no,,"And sometimes no one dies, so we stop calling it disaster: the Wi-Fi goes out and the house goes dumb. A lawsuit alleges a delivery route has no bathroom slack. A refrigerator becomes an ad screen. A paid-for smart cooker becomes a subscription. A cloud shutdown turns switches into paperweights. An app becomes the boss.","HOUSE CONTROL COUPLED TO WI-FI
LAWSUIT ALLEGES: WORK PACE + TRACKING PREVENTED BREAKS
APPLIANCE COUPLED TO VENDOR SOFTWARE POLICY
DEVICE INTELLIGENCE LIVES SOMEWHERE ELSE
HOME CONTROL COUPLED TO VENDOR SURVIVAL
WORK COUPLED TO OPAQUE PLATFORM RULES","amazon_lawsuit, smart_fridge_ads, mellow, insteon, uber_unsw","Fast but calm sequence of everyday dependency failures. Smart home at night: Wi-Fi icon drops, lights and thermostat become unresponsive. Delivery route map with 200+ stops, countdown timers, bathroom icon off-route, surveillance dots. Smart refrigerator screen changes from family calendar to ad panel. Smart cooker diagram: paid device, remote server features, subscription gate, manual-only fallback. Cloud smart-home switches depend on vendor cloud; cloud disappears. Rideshare driver phone shows abstract ratings, GPS tracking, dispatch, dynamic pricing, support bot, deactivation risk. Include a half-second visual metaphor only: a giant carnival teddy bear behind one narrow path, no narration, no technological-failure label."
6,reveal_structure,20,no,,"These look like different failures. They are not. In each case, something became too essential, and there was no meaningful alternative path. That is tight coupling: failure stops being local because there is no meaningful substitute.","NEED -> SINGLE SOLUTION -> FAILURE POINT -> CASCADING HARM
NO MEANINGFUL ALTERNATIVE
TIGHT COUPLING
FAILURE STOPS BEING LOCAL","challenger, chernobyl, fukushima, 737max, deepwater, blackout2003","Transform prior examples into simplified dependency diagrams. Many different systems collapse into the same structure: need, single solution, failure point, cascading harm. Diagram tiles align into a single red dependency path. The red path breaks; downstream nodes go dark."
7,experts_build_tight_coupling,20,no,,"The trigger may be bad design, bad incentives, bad luck, bad maintenance, bad assumptions, or unexpected conditions. But collapse occurs when there is no bypass, reserve, repair path, manual override, interoperability, or exit. And here is the terrifying part: experts build this. We all do. We call it efficiency, integration, convenience, optimization. But when alternatives disappear, those words become dependence. So how do we avoid building tight coupling?","EFFICIENCY
INTEGRATION
CONVENIENCE
OPTIMIZATION
DEPENDENCE
HOW DO WE AVOID IT?",ddex_ern,"Editorial montage of engineering drawings, control dashboards, clean industrial diagrams, smart-home marketing layouts, route-optimization screens, platform app abstractions, and generic non-branded seamless integration copy. Backup paths fade out one by one. Bypass, reserve, repair path, manual override, interoperability, and exit each disappear from the diagram. Finish on near-black frame."
8,first_question_reveal,20,yes,invention_jpg,Only now do we return to the first question of technology: what need are we actually trying to satisfy? Not the product. Not the platform. The need. Power. Communication. Transportation. Heat. Work. Safety.,"WHAT NEED ARE WE ACTUALLY TRYING TO SATISFY?
NOT THE PRODUCT
NOT THE PLATFORM
THE NEED
POWER  COMMUNICATION  TRANSPORTATION  HEAT  WORK  SAFETY",invention_image,"Use the input reference image of Angelica Kauffmann's Invention as a still-image visual anchor. Slow, respectful push-in. Do not add cliché phrases about invention. Let the classical image carry the idea. Then dissolve from the painting into a clean diagram: PRODUCT fades away, PLATFORM fades away, NEED remains. Needs appear as six columns: Power, Communication, Transportation, Heat, Work, Safety. Branching alternatives begin."
9,alternatives_network,16,yes,,"Power may be grid, battery, generator, solar, or local fallback. Communication may be internet, phone, mesh, radio, or a place to meet. Transportation may be walking, bike, transit, car, rideshare, or delivery. Heat may be utility service, backup heat, insulation, or passive design. Work may be an employer, clients, cooperative platforms, local networks, and tools owned by the worker. Safety may be sensors, procedures, human override, independent checks, and fail-safe design. A need is not reliably solved by one brittle answer. It is solved by a system of alternatives: backups, substitutes, repair, local control, open standards, interoperability, manual overrides, and exits. The trigger of failure changes. The structural source is the same: no meaningful alternative. If the need matters, the solution must survive the failure of any single part. If the need matters, build alternatives.","POWER: GRID | BATTERY | GENERATOR | SOLAR | LOCAL FALLBACK
COMMUNICATION: INTERNET | PHONE | MESH | RADIO | MEETING
TRANSPORTATION: WALKING | BIKE | TRANSIT | CAR | RIDESHARE | DELIVERY
HEAT: UTILITY | BACKUP HEATER | INSULATION | PASSIVE DESIGN
WORK: EMPLOYER | CLIENTS | COOPERATIVES | LOCAL NETWORKS | OWNED TOOLS
SAFETY: SENSORS | PROCEDURES | HUMAN OVERRIDE | CHECKS | FAIL-SAFE DESIGN
IF THE NEED MATTERS, BUILD ALTERNATIVES","osi_brand, oshwa_logo, beagle_brand","A single red dependency path becomes a resilient network. One node fails; the system reroutes through other nodes. Branching alternatives appear as icon-like generic nodes: grid, battery, generator, solar, local fallback; internet, phone, mesh, radio, physical meeting; walking, bike, transit, car, rideshare, delivery; utility heat, backup heater, insulation, passive design; employer, clients, cooperative platforms, local networks, worker-owned tools; sensors, procedures, human override, independent checks, fail-safe design. End with blank placeholder area for official logos to be composited later; do not generate logos."
